user_id,full_name,email,password_hash,phone,role,created_at
1,Farah Bukhari,farah.bukhari8600@hotmail.com,fe8e59888af923255661ea810f026de3b8fb58e12151757e6835d0c8c5ae095c,03461885791,admin,2025-12-01 19:24:40
2,Naveed Marwat,naveed.marwat9112@outlook.com,305402eca9cd4612b7ff71a7255f925f75f073553c7aa5de8aa5356aeeced328,03465704008,user,2025-08-26 16:51:27
3,Maryam Durrani,maryam.durrani6003@gmail.com,7c68fb9ca14f277226c9efaac3d0647331206fdce707ed584dfa4b28a592b09a,03124468272,user,2025-05-22 12:25:45
4,Awais Jadoon,awais.jadoon6664@gmail.com,ef732e0fd90c826425d7571d16d7bfcfa3df3f59ed235e60a05d6537212d1e6a,03207009962,user,2026-04-24 07:44:05
5,Farhan Ansari,farhan.ansari8349@hotmail.com,93f0716e79c91d0d85ce181a4dc93d73eb3bc242093193c244085d47d6dbfbe8,03219931756,user,2026-03-12 08:33:13
6,Rabia Marwat,rabia.marwat6625@hotmail.com,f0eb26aa47558d1a8732078b0547f88bf2604030af1861e4c4ae426e672b2807,03212338275,user,2026-04-01 14:44:10
7,Rizwan Sheikh,rizwan.sheikh1919@outlook.com,0d9582776eececd422105c3f5e69ec0230a814ac5de2967ce5a5fc3a1c6c578c,03038778913,user,2025-08-18 04:19:34
8,Kiran Shah,kiran.shah7562@gmail.com,a3c37ca45544d0ef85fbf4321ccfa1a0b8c551f43c679fb277e54ea2d350ff92,03038793391,user,2025-12-22 23:01:26
9,Zain Durrani,zain.durrani3139@gmail.com,3472bab7a7da855df5d3dec57d2433fc7c6281c88c1ace899e784b57f319b583,03134351256,user,2025-06-01 18:34:18
10,Saima Mirza,saima.mirza8965@yahoo.com,fe5cdd608e25c6f6dfefbe820b0df7648273e57821d338084b71611ca5c7e2ad,03467046074,user,2025-08-18 08:20:34
11,Rizwan Dawar,rizwan.dawar3435@yahoo.com,faa064a48e9474a2735d87015214125c505f3bef6407288cd76d0e0c205acc39,03024501035,user,2025-12-17 02:40:09
12,Rabia Sheikh,rabia.sheikh6170@hotmail.com,8f62bf3f3841bfe10cbbe0f4bd2fc18b04f2138873583c67ba4baae4be857ca8,03022282232,user,2025-05-23 23:00:02
13,Khalid Ansari,khalid.ansari8647@outlook.com,0c264b7f8c7f295aefeb76a2726f69a457004220bbfbac8cd9c01d731c0d3caa,03456429617,user,2025-11-27 16:05:15
14,Arslan Mohmand,arslan.mohmand3064@gmail.com,7fce168446bbb6bd8f786959a6e23e90c40d17867b20f92c1856d4ec2f96db36,03342346598,user,2026-01-30 15:15:04
15,Waseem Ahmed,waseem.ahmed3006@hotmail.com,29a2a4152d426d322209db537ad7eb0dcb7e6511bbb500c363f6af218fba340f,03201174861,user,2025-08-28 23:13:07
16,Noor Yousaf,noor.yousaf3587@hotmail.com,f615103ecd300461403be2c31531a04a9a9761e875a1f8aa9b13f908687f7761,03022732809,user,2026-03-15 23:30:09
17,Shazia Wazir,shazia.wazir3618@gmail.com,91ff7f4e17e548305fc7d903988154c13c0cbefd0388bc0e72ad783ec6e1cf95,03118895905,user,2025-06-17 10:28:38
18,Maryam Chaudhry,maryam.chaudhry891@outlook.com,def3c99bb2c56b0d7332a5205f3948f9e50d45ef6a1c7a5d023317852165ccda,03114166883,user,2025-05-30 10:49:19
19,Nasir Swati,nasir.swati1262@gmail.com,76f4d92a42b0ecf3ad0699e3a5f6e53355aa7b2b30b6ce1b18cba90ad256859d,03131114622,user,2025-05-15 12:01:03
20,Naveed Sheikh,naveed.sheikh4792@gmail.com,b41a1ed271711bc7c19c3506975fe6c86a61720ab7e886170e8af1d546156cab,03122601849,user,2025-07-18 16:44:49
21,Mahnoor Yousaf,mahnoor.yousaf9261@gmail.com,8802bef9130d8292040956c5850db6bf6402d999964be71ab95ac6947c04a607,03029082697,user,2026-02-01 18:16:39
22,Farah Khan,farah.khan7176@hotmail.com,d08ca68d44356ec8c2d9a3d654826d905dc752ccb46d1434e22cfab42bb9ddd1,03018811744,user,2026-04-13 06:31:55
23,Khalid Jadoon,khalid.jadoon7852@gmail.com,79b7e71a4298f26b076ec061b547cb0883177e757fa7e11976e725bb627fd697,03202752984,user,2025-12-28 15:49:59
24,Bilal Dawar,bilal.dawar207@yahoo.com,9947b5877285f4689bd3162b111ff5c53d3c9174d3525f75167d11f109b0113e,03225609090,user,2025-06-16 18:59:34
25,Rehan Baig,rehan.baig703@hotmail.com,b4d075443de67c91b3eb1be818909e9a359f21b4a90de0b7d2923be64322b047,03455756477,user,2025-11-13 05:14:46
26,Faisal Khattak,faisal.khattak33@outlook.com,6d7ced7e1c5535051bc109ca089e24d6ff3a2354c5d513de13be229ae9359504,03335671155,user,2025-09-30 10:44:09
27,Sara Bangash,sara.bangash4774@yahoo.com,dd6cb72bc980a4e61fa1a8134e79513a9233fc29824c5510cc6b12a61be5a852,03201373203,user,2025-07-22 10:28:25
28,Amna Durrani,amna.durrani1425@yahoo.com,dbb8dbc74786c72f5df8cc1f6b0e73a0be864e750a76143556d8e2883623c0d0,03118025837,user,2025-11-29 06:21:17
29,Naveed Hussain,naveed.hussain2588@gmail.com,3e285490ac0a7fa09fc8965cec7bf58084885e883e44381e3bcd24a3791e41d2,03338974621,user,2025-05-17 01:54:45
30,Yasir Sheikh,yasir.sheikh4508@gmail.com,04c1ecbe3e451550a2d1a1b9b6c65c77cc8804eb42923ec3924fe9ac588c37fa,03109737807,user,2025-11-27 20:47:32
31,Saad Wazir,saad.wazir4808@outlook.com,083ea2720bc4ddbe90d6fff5bb46ef2041df28db100a859835499c57f0fe2a09,03457544926,user,2026-04-05 14:49:50
32,Uzma Khalil,uzma.khalil3363@outlook.com,b8017b466bedfa92d4bf2230f576faaff164a413bf062037924c74895acafd3f,03205206592,user,2025-12-27 08:22:16
33,Gulnaz Akhtar,gulnaz.akhtar9076@outlook.com,18d15ccbed2ac0c899881cf55b82d5f3c6b3597161e4dfcdfd78895ca8cffa61,03032232168,user,2026-02-23 02:19:10
34,Aiman Durrani,aiman.durrani7449@hotmail.com,85d5a21bd5db4249ee8096af666c4a287ba6c4e2528e2dc7126419c4145d15a5,03102540402,user,2025-08-20 14:24:34
35,Sara Malik,sara.malik8724@outlook.com,755c47158c8a5bbdd67eb46f6efedb8db5b469f87a0376e7cea13fd69eb52736,03017638050,user,2026-01-15 23:23:49
36,Khalid Baig,khalid.baig1890@yahoo.com,edd946c02e9f622428740d72620a823950429ef35ed6354beecae1be3d7a87e4,03013237532,user,2025-09-17 08:16:59
37,Gulnaz Wazir,gulnaz.wazir3467@outlook.com,3044e6bdd4e628c47699343cad5c3f8ab5695d9e0d05223014cec6e96bd5618e,03031752503,user,2025-06-11 22:07:42
38,Waqar Ansari,waqar.ansari1252@outlook.com,229a18eaaa328c7f20218d83868eb21f7b557c300632f44eac29d2e5c4fcb081,03342441202,user,2025-08-31 07:57:00
39,Adeel Qureshi,adeel.qureshi8919@yahoo.com,097c0b228970e6d32b7fe2333cf7fa091a9ccbb478ef73b783c655e08f597ba9,03331636709,user,2026-02-19 07:05:38
40,Awais Chaudhry,awais.chaudhry6605@yahoo.com,76e40bf9359d25dbfce6840d0c3ff66b65b57bd700462300b86a94dcb98c8c18,03137592585,user,2025-09-21 22:10:48
41,Ihsan Afridi,ihsan.afridi1116@yahoo.com,a904b8c6562f43eee303c38c3abb7ba2dc2f87d4078e85a4e7a96586fa0f4f13,03014958113,user,2025-07-16 13:10:20
42,Sadia Khalil,sadia.khalil8363@hotmail.com,7de8d8f40dc2a9b804addee47de93ee13c318c396a52ed4037cc649c51dc235c,03461810961,user,2025-08-16 02:44:17
43,Ayesha Afridi,ayesha.afridi3346@outlook.com,f1046b941b0a71af2197590d28a761a8d86cad70d7bd620272f6fb256623ed52,03213905856,user,2026-04-19 03:19:50
44,Sobia Shinwari,sobia.shinwari2676@hotmail.com,493b139ef024249c6851123e8006f418562e2168b32988d89145f066220dd01c,03106084762,user,2025-11-19 02:29:16
45,Nadia Durrani,nadia.durrani2615@outlook.com,bc5abe4f22dbe9418cd41f9f36c3c7efd57c43c11424158d0531fdbb49c64069,03036808364,user,2025-05-22 14:15:56
46,Ali Yousaf,ali.yousaf641@outlook.com,29a94620d81cb317819233fccb5d4fb1f6e3667e87956b15ee1f4f5c912712de,03009993871,user,2025-06-09 19:20:05
47,Ayesha Yousaf,ayesha.yousaf649@yahoo.com,c0fbcdfa7a1c08ce9bc1ab708a078156a77945eba1d9dc819986275c7555d5cd,03037292478,user,2025-12-05 18:59:43
48,Fatima Marwat,fatima.marwat8742@outlook.com,a814fc89220ae20359250662ef07110218b80cbe170f9d46a0c9dd8b35eaeed3,03211815612,user,2025-08-11 18:21:07
49,Rabia Akhtar,rabia.akhtar6597@yahoo.com,e0e0c9c7516a77569867eaf919a8fa7db6d92a4a1bc292beb555cbf2a930d00c,03456810493,user,2025-08-30 23:05:58
50,Uzma Swati,uzma.swati748@gmail.com,41794462fe0564d25e09d7eadb86a8f9a14e4e6bcb83e2fb477035a0970b613a,03455610615,user,2025-06-14 02:42:58
51,Uzma Shah,uzma.shah8532@outlook.com,516c677e70d890550d3c32531217d09f845cc9075db78e42b84f372b917d977a,03015772090,user,2025-06-23 07:59:25
52,Arslan Dawar,arslan.dawar7108@hotmail.com,4780678fccd011a664484dfed8deac6f233274db0d46382b706cef96dd44c2f4,03132759353,user,2025-11-22 07:23:26
53,Hassan Nawaz,hassan.nawaz6331@hotmail.com,18297b20d8f75eb74ad2811728657207e0f51461bec98c731561c4f90caeb2ae,03342392858,user,2025-08-13 20:56:47
54,Waqar Nawaz,waqar.nawaz1694@gmail.com,f87c9d9361770b0873c5ac90f4d431f9b74f9292a2b74ac79ce47436784338db,03104246568,user,2025-08-31 07:46:41
55,Babar Mohmand,babar.mohmand3247@hotmail.com,e3ac53a45084eb7352f7e0f7e2fe3397a5bf28d41397b3e5bc3c480c9a448b57,03216290266,user,2026-04-11 03:23:43
56,Faisal Nawaz,faisal.nawaz4410@yahoo.com,43ac09ae2909c49291111082e54e1833c82ff9f628363eeece8219159f525f84,03102384617,user,2026-03-20 11:24:09
57,Yasir Nawaz,yasir.nawaz653@hotmail.com,a60ea5816e7e3043f4407b01c507a2000b57d3541ac69690794e4406c91d83ad,03019494158,user,2026-05-13 21:57:14
58,Nadia Yousaf,nadia.yousaf9368@hotmail.com,de56330fe4e227f12d160b5272a0689cdc5b05a51932cea188338a74bfb8e921,03102620047,user,2025-11-21 04:47:21
59,Nasir Dawar,nasir.dawar6329@outlook.com,04d058afc5f2b259d64bf3664d9a05d1c6f581ab0ee57afd9f7ba59f9d1f2a42,03103889401,user,2025-10-19 08:55:54
60,Farah Malik,farah.malik2428@outlook.com,655a2f331950ba8556af5f10549eb5dee21df6536ebd7511179088c584201771,03458757305,user,2025-11-08 10:20:55
